id,name,image_url,category,location
1,Hanoi Water Puppet,https://images.unsplash.com/photo-1459749411175-04bf5292ceea?w=800&q=80,show,Hanoi
2,Sai Gon Opera House,https://images.unsplash.com/photo-1514320291840-2e0a9bf2a9ae?w=800&q=80,show,HCMC
3,Dragon Legend Show,https://images.unsplash.com/photo-1493514789a7fb97b27eeee8e3bd9e4a?w=800&q=80,show,HCMC
4,Hoi An Night Show,https://images.unsplash.com/photo-1487180144351-b8472da7d491?w=800&q=80,show,Hoi An
5,Hanoi Traditional Dance,https://images.unsplash.com/photo-1507003211169-0a1dd7228f2d?w=800&q=80,show,Hanoi
6,Circus Spectacular,https://images.unsplash.com/photo-1470225620780-dba8ba36b745?w=800&q=80,show,Da Nang
7,Temple Show,https://images.unsplash.com/photo-1514902291840-2e0a9bf2a9ae?w=800&q=80,show,Hue
8,Festival Performance,https://images.unsplash.com/photo-1501379938327-c8bde7d202c5?w=800&q=80,show,Can Tho
9,Dance Theater,https://images.unsplash.com/photo-1509886307041-440dfde83e13?w=800&q=80,show,HCMC
10,Comedy Show,https://images.unsplash.com/photo-1499415479124-2a5c46b3035e?w=800&q=80,show,Hanoi
11,Fashion Night,https://images.unsplash.com/photo-1470225620780-dba8ba36b745?w=800&q=80,show,HCMC
12,Martial Arts Show,https://images.unsplash.com/photo-1517836357463-d25ddfcbf042?w=800&q=80,show,Da Nang
13,Culinary Festival,https://images.unsplash.com/photo-1495548014529-c037acac6d55?w=800&q=80,show,Hanoi
14,Jazz Night,https://images.unsplash.com/photo-1493225457124-a3eb161ffa5f?w=800&q=80,show,HCMC
15,Art Exhibition,https://images.unsplash.com/photo-1493857671505-72967e2e2760?w=800&q=80,show,Hanoi
16,Magic Show,https://images.unsplash.com/photo-1503381571022-48516b0ae38d?w=800&q=80,show,Hoi An
17,Karaoke Night,https://images.unsplash.com/photo-1514902291840-2e0a9bf2a9ae?w=800&q=80,show,HCMC
18,Concert Vibes,https://images.unsplash.com/photo-1487180144351-b8472da7d491?w=800&q=80,show,Da Nang
19,Theater Night,https://images.unsplash.com/photo-1493514789a7fb97b27eeee8e3bd9e4a?w=800&q=80,show,Hanoi
20,Cultural Show,https://images.unsplash.com/photo-1456579496694-1a7c3f66dd8a?w=800&q=80,show,Hue
21,Puppet Theater,https://images.unsplash.com/photo-1507003211169-0a1dd7228f2d?w=800&q=80,show,Hanoi
22,Street Performance,https://images.unsplash.com/photo-1470225620780-dba8ba36b745?w=800&q=80,show,Can Tho
23,Movie Night,https://images.unsplash.com/photo-1517836357463-d25ddfcbf042?w=800&q=80,show,HCMC
24,Music Festival,https://images.unsplash.com/photo-1495548014529-c037acac6d55?w=800&q=80,show,Da Nang
25,Circus Act,https://images.unsplash.com/photo-1493225457124-a3eb161ffa5f?w=800&q=80,show,Hanoi
26,Stage Show,https://images.unsplash.com/photo-1493857671505-72967e2e2760?w=800&q=80,show,Hoi An
27,Comedy Night,https://images.unsplash.com/photo-1503381571022-48516b0ae38d?w=800&q=80,show,HCMC
28,Live Performance,https://images.unsplash.com/photo-1490713216447-61dcf4446afd?w=800&q=80,show,Da Nang
29,Entertainment Show,https://images.unsplash.com/photo-1487180144351-b8472da7d491?w=800&q=80,show,Hanoi
30,Family Festival,https://images.unsplash.com/photo-1456579496694-1a7c3f66dd8a?w=800&q=80,show,Can Tho
